fips,apn_unformatted,pcl_id_iris_frmtd,apn_sequence_number,pending_record_indicator,corporate_indicator,last_name_1,first_name_1,last_name_2,first_name_2,owner_etal_indicator,owner_relationship_type,house_number_prefix,house_number_suffix,house_number,street_direction,street_name,mode,quadrant,unit_number,city,state,zip,sale_date,recording_date,transaction_type,absentee_owner_status
4013,"","",0,Y,"",MARKLOW,JEFFREY P,"","","","",,"",123,"",BAYSHORE,DR,"","",PARKTON,NC,28371,0,"19,890,127",1,S
51067,12600011,1260001100,1,"","",RYBERG,MARIE J,"","","","",,"",4344,"",ROCKWOOD,RD,"","",CHARLOTTE,NC,28214,"20,151,028","20,151,118",1,S
51069,49B01 12,49B01-122-1,1,"","",ARMSTRONG,ADAM C,"","","","",,"",2534,"",GILLBURG,RD,"","",HENDERSON,NC,27537,"20,110,804","20,130,607",1,S
51153,"",04907000 00,0,Y,"",HENDERSON,ERIC D,HENDERSON,KAREN W,"","",,"",3405,"",DEWING,DR,"","",RALEIGH,NC,27616,"19,990,614","19,990,616",1,S
51191,172B40A0,172B4-A-29,1,"","",LANKFORD,GERALD W,LANKFORD,JANNA S,"",HW,,"",117,"",KINGSPORT,RD,"","",HOLLY SPRINGS,NC,27540,"20,160,226","20,160,226",1,S
51550,12700000,12700000056,1,"","",ELEY,MICHAEL L,ELEY,TONYA P,"",HW,,"",7304,"",KRUME,CT,"","",RALEIGH,NC,27613,"20,011,012","20,011,016",1,S
51650,7003024,7003024,1,"",Y,"",CAH HOLDINGS LLC,"","","","",,"",1521,E,000003RD,ST,"","",CHARLOTTE,NC,28204,"20,031,209","20,031,211",1,S
51710,05221300,05221300,1,"","",MANSFIELD,JAMES L,MANSFIELD,MIRIAM W,"",HW,,"",753,W,PLOVER,CT,"","",COROLLA,NC,27927,"20,021,004","20,021,011",1,S
51840,27201000,272-01-C1,1,"",Y,"",PAVILION MT-WINCHESTER LLC,"","","","",,"",5605,"",CARNEGIE,BLVD,"",000110,CHARLOTTE,NC,28209,"20,130,130","20,130,131",1,S
51810,13883492,138-834-920,1,"","",DINSDALE,STEVEN R,DINSDALE,NATALIE D,"",HW,,"",2198,"",CARATOKE,HWY,"","",MOYOCK,NC,27958,"20,010,101","20,010,109",1,S
51810,14853734,148-537-345,1,"","",JOHNSON,WARREN R,"","","",MM,,"",2204,"",MARLOWE,DR,"","",DURHAM,NC,27705,"20,011,019","20,011,024",1,S
51059,"",01100410000,0,Y,"",MILLER,LILLIAN MICALLY,"","","","",,"",2634,"",BROOKRIDGE,CIR,"","",GREENVILLE,NC,27858,"19,940,819","19,940,822",1,S
53065,5112700,5112700,1,"","",EVERS,DYLAN O,"","","",SI,,"",111,"",WINTERFIELD,DR,"","",RAEFORD,NC,28376,"20,130,605","20,130,619",1,S
13021,"","",0,Y,Y,"",COOK OUT MACON INC,"","","","",,"",15,"",LAURA,LN,"",000300,THOMASVILLE,NC,27360,"20,160,115","20,160,119",1,S
13157,009    0,009-000-008,1,"","",DISMUKES,WILLIAM P J,"","","","",,"",38,"",CLUBSIDE,DR,"","",ASHEVILLE,NC,28804,0,0,1,S
13295,4007 030,4007-030A,1,"","",LOWERY,GRAYSON T,LOWERY,MARGARET W,"","",,"",205,"",WAKEFIELD,DR,"",00000A,CHARLOTTE,NC,28209,"20,141,117","20,141,215",1,S
13089,"","",0,Y,Y,"",NR DECATUR CROSSING PROPERTY,"","","","",,"",1057,E,MOREHEAD,ST,"","",CHARLOTTE,NC,28204,"20,151,030","20,151,102",1,S
13089,18 056 0,18-056-05-0,1,"","",ROSADO,AARON M,ROSADO,RAFAEL E,"",UM,,"",1936,"",TARA,CT,"",000204,GREENVILLE,NC,27858,"20,150,521","20,150,601",1,S
13135,R5050 15,R5050-153,1,"","",LEE,MARY K,"","","","",,"",2000,"",GRENVILLE,CT,"","",NEW BERN,NC,28562,"20,121,220","20,121,228",1,S
17019,22310430,22-31-04-30,1,"","",STAHL,SUSAN,"","","","",,"",145,"",DUTCH HILL,RD,"","",HOLLY SPRINGS,NC,27540,"20,030,520","20,030,521",1,S
17031,"","",0,Y,Y,"",SUMMATYME REO CORP,"","","","",,"",11525,"",CARMEL COMMONS,BLVD,"","",CHARLOTTE,NC,28226,"19,980,520","19,980,826",1,S
17161,"","",0,Y,"",BARBOUR,ROBERT,BARBOUR,SHELAGH,"",HW,,"",103,"",FERN BLUFF,WAY,"","",CARY,NC,27511,"20,031,119","20,031,119",1,S
17161,06420080,06-4200800-,1,"","",DAVIS,PAUL R,"","","","",,"",125,"",18TH AVENUE,CT,"","",JEFFERSON,NC,28640,"20,141,205","20,141,222",1,S
17179,"",02-02-23-30,0,Y,"",MADDEN,LARRY L,MADDEN,MARY J,"",HW,,"",0,"","","","","","",NC,,"20,060,919","20,060,921",1,S
17179,21211012,21-21-10-12,1,"",Y,"",WF-DG R8435,"","","","",,"",301,S,COLLEGE,ST,"","",CHARLOTTE,NC,28202,"20,160,524","20,160,609",1,S
17043,06031170,06-03-117-0,1,"",Y,"",TAYLOR BEAN & WHITAKER MTG,"","","","",,"",5032,"",PARKWAY PLAZA,BLVD,"","",CHARLOTTE,NC,28217,"20,130,122","20,130,215",1,S
17031,30293110,30-29-311-0,1,"","",BRUNK,WENDY Y,"","","",MW,,"",1818,"",PARK GROVE,PL,NW,"",CONCORD,NC,28027,"20,160,113","20,160,119",1,S
21043,120E0000,120E-00-00-,1,"","",LIGHT,JAMES C,LIGHT,LEA,"",HW,,"",1322,"",SOFIA,CT,"","",JACKSONVILLE,NC,28540,"20,150,626","20,150,714",1,S
21117,"",055-11-26-0,0,Y,Y,"",SANITY PROJECTS LLC,"","","","",,"",9236,"",LINSLADE,WAY,"","",WAKE FOREST,NC,27587,"20,141,107","20,141,114",1,S
21055,09500000,095-00-00-0,1,"","",STEVENSON,ROBERT A,STEVENSON,SUSAN T,"",HW,,"",7511,"",GREEDY,HWY,"","",HICKORY,NC,28602,"20,121,220","20,130,102",1,S
21117,05511090,055-11-09-0,1,"","",PARKS,DANIEL L,PARKS,CHYRL C,"",HW,,"",737,"",FREEMONT,LN,"","",STANLEY,NC,28164,"20,151,203","20,151,230",1,S
21117,05511260,055-11-26-0,1,"",Y,"",SANITY PROJECTS LLC,"","","","",,"",9236,"",LINSLADE,WAY,"","",WAKE FOREST,NC,27587,"20,141,107","20,141,114",1,S
23005,"","",0,Y,"",WRIGHT,JOHN J,"","","","",,"",1065,"",KITE,CT,"","",MATTHEWS,NC,28104,"20,150,528","20,150,529",1,S
24037,03072606,03-072606,1,"","",GEHRIG,JEROME C,GEHRIG,GLORIA A,"",HW,,"",111,"",COUNTRY CLUB,DR,"","",HERTFORD,NC,27944,"20,150,514","20,150,518",1,S
24005,09090400,09-09040013,1,"",Y,"",MNSF II ACQUISITIONS LLC,"","","","",,"",6836,"",MORRISON,BLVD,"",000320,CHARLOTTE,NC,28211,"20,160,531","20,160,607",1,S
24033,"",09-0346014,0,Y,"",HARRELL,JOHN E,"","","","",,"",2082,"",CARRIAGE,TRL,"","",ROCKY MOUNT,NC,27804,"19,920,616","19,920,630",1,S
26033,04175000,041-750-003,1,"","",DAGGITT,MARY J,"","","","",,"",200,"",WALTER HAGEN,DR,"","",MEBANE,NC,27302,0,0,1,S
26033,01670008,016-700-083,1,"","",MOORE,DWAINE,"","","","",,"",237,"",CHERRY LAKE,LN,"","",BOSTIC,NC,28018,0,0,1,S
26033,01555000,015-550-003,1,"","","",RAYMOND D B TRUST,"","","","",,"",3177,"",HARDIE,ST,"","",CREEDMOOR,NC,27522,0,0,1,S
26033,00111702,001-117-026,1,"","",LEE,BRIAN D,LEE,KATHY,"","",,"",707,"",EDGEMORE,AVE,"","",CARY,NC,27519,0,0,1,S
26033,01432004,014-320-046,1,"","",MCDONALD,DONNA,MCDONALD,HEBERT,"","",,"",301,"",GROVER,ST,"","",WINSTON SALEM,NC,27101,0,0,1,S
26033,01555008,015-550-082,1,"","",THOMAS,DORIS L,"","",A,"",,"",3177,"",HARDIE,ST,"","",CREEDMOOR,NC,27522,0,0,1,S
26033,04175000,041-750-006,1,"","",DAGGITT,MARY J,"","","","",,"",200,"",WALTER HAGEN,DR,"","",MEBANE,NC,27302,0,0,1,S
26033,04162603,041-626-031,1,"","",NONEMAN,JACK W,NONEMAN,NANCY L,"","",,"",604,"",SAMPSON,ST,"","",RALEIGH,NC,27609,0,0,1,S
26033,04164700,041-647-005,1,"","",DAGGITT,MARY J,"","","","",,"",200,"",WALTER HAGEN,DR,"","",MEBANE,NC,27302,0,"19,981,106",1,S
26033,00664001,006-640-011,1,"","",GERBER,ELIZABETH B,"","","","",,"",500,W,000027TH,ST,"","",LUMBERTON,NC,28358,0,"19,990,913",1,S
26033,00411701,004-117-016,1,"","",KRAMPANS,MICHAEL,"","","","",,"",1381,"",SALEM CROSSING,RD,"","",KERNERSVILLE,NC,27284,0,0,1,S
26033,00901300,009-013-008,1,"",Y,"",POST HELEN S,"","","","",,"",1670,"",WILL SUITT,RD,"","",CREEDMOOR,NC,27522,0,"19,990,921",1,S
26033,04175000,041-750-005,1,"","",DAGGITT,MARY J,"","","","",,"",200,"",WALTER HAGEN,DR,"","",MEBANE,NC,27302,0,0,1,S
26033,00614600,006-146-003,1,"","",BEARDSLEE,WILLIAM C,"","","","",,"",925,"",HUNTING COUNTRY,RD,"","",TRYON,NC,28782,0,0,1,S
26033,01616000,016-160-002,1,"","",JOHNSON,DAVID L,JOHNSON,MARCIA A,"","",,"",3017,"",BEXLEY,AVE,"","",DURHAM,NC,27707,0,"20,000,807",1,S
26033,01670008,016-700-084,1,"","",MOORE,DWAINE J,MOORE,LISA,"","",,"",237,"",CHERRY LAKE,LN,"","",BOSTIC,NC,28018,0,"19,951,006",1,S
26033,00664001,006-640-010,1,"","",GERBER,ELIZABETH B,"","","","",,"",500,W,000027TH,ST,"","",LUMBERTON,NC,28358,0,"19,990,913",1,S
26033,01674000,016-740-001,1,"","",JOHNSON,DAVID P,"","","","",,"",3017,"",BEXLEY,AVE,"","",DURHAM,NC,27707,0,"20,031,125",1,S
26033,00611401,006-114-017,1,"","",MATZ,PHILIP D,MATZ,JANET E,"","",,"",175,"",INVERRARY,RD,"","",PINEHURST,NC,28374,0,0,1,S
26033,01432004,014-320-047,1,"","",MCDONALD,DONNA,MCDONALD,HEBERT,"","",,"",301,"",GROVER,ST,"","",WINSTON SALEM,NC,27101,0,0,1,S
26033,00611401,006-114-016,1,"","",MATZ,PHILIP D,MATZ,JANET,"","",,"",175,"",INVERRARY,RD,"","",PINEHURST,NC,28374,0,0,1,S
26077,15024000,15-02-400-0,1,"","",HALL,MATTHEW R,HALL,CAROLANN E,"",HW,,"",124,"",ROCK HARBOR,LN,"","",SPRING LAKE,NC,28390,"20,151,210","20,151,223",1,S
26081,41183537,41-18-35-37,1,"","",CORNETT,JAMES C,CORNETT,KAY L,"",HW,,"",143,"",BELT,RD,"","",HAMPSTEAD,NC,28443,"20,130,329","20,130,408",1,S
26135,00110401,001-104-013,1,"","",DUNLAP,JOSEF T,DUNLAP,MARGARET B,"","",,"",330,"",CHORLEY,RD,"","",BURGAW,NC,28425,0,0,1,S
26135,00511100,005-111-001,1,"","",BABCOCK,STEPHEN G,BABCOCK,DOLORES,"","",,"",745,"",SOMERSBY,PKWY,"","",HENDERSONVILLE,NC,28739,0,"19,970,213",1,S
26121,01112100,01-112-100-,1,"","",FARINELLA,MORRIS V,STARR,CAROLE L,"",SM,,"",3228,"",SMOKEY,LN,"","",LENOIR,NC,28645,"20,151,020","20,151,026",1,S
27123,11282324,11-28-23-24,1,"",Y,"",MNSF MINNEAPOLIS 2 LLC,"","","","",,"",4064,"",COLONY,RD,"",000340,CHARLOTTE,NC,28211,"20,140,403","20,140,408",1,S
28113,"","",0,Y,"",OSTRUM,TIMOTHY E,OSTRUM,CAROLYN A,"",HW,,"",230,"",SUNSHINE LAKE,RD,"","",ELLENBORO,NC,28040,"20,130,501","20,130,501",1,S
29209,13903100,13-9.0-31-0,1,"","",BAALMAN,JACOB L,BAALMAN,AMBER D,"",HW,,"",2113,"",DAHLONEGA,DR,"","",WINTERVILLE,NC,28590,"20,160,613","20,160,616",1,S
34015,1800199,18-00199-11,1,"","",TALLEY,JAMES L,TALLEY,AMANDA C,"",HW,,"",106,"",MEADOWVIEW,DR,"","",MOORESVILLE,NC,28115,"20,121,108","20,121,121",1,S
32003,16307313,163-07-313-,1,"",Y,"",RANDOM PROPS ACQUISITION CORP,"","","","",,"",5032,"",PARKWAY PLAZA,BLVD,"","",CHARLOTTE,NC,28217,"20,130,708","20,130,712",1,S
36017,08568901,085689-018-,1,"","",STEIN,WILLIAM J S,"","","","",,"",819,"",JARMAN,DR,"","",JAMESTOWN,NC,27282,"20,140,218","20,140,416",1,S
36033,16220012,162200-124-,1,"","",DONALDSON,JEREMY R,DONALDSON,AMBER A,"",HW,,"",521,"",BLACKBERRY,CT,"","",HUBERT,NC,28539,"20,140,502","20,140,512",1,S
32003,16309315,163-09-315-,1,"","",LEE,STANLEY C,JOE,LISA Y,"",HW,,"",5717,"",MALLARD GROVE,RD,"","",CHARLOTTE,NC,28269,"20,150,914","20,150,915",1,S
36063,"",293889-018-,0,Y,Y,"",FIRST UNION NATL BK OF DELAWARE,"","","","",,"",1100,"",CORPORATE CENTER,DR,"","",RALEIGH,NC,27607,"20,010,323","20,010,615",1,S
36029,"",140900-570-,0,Y,Y,"",FIRST UNION NATL BK & NC,"","","","",,"",1100,"",CORPORATE CENTER,DR,"","",RALEIGH,NC,27607,"19,980,814","19,990,121",1,S
36071,33580923,335809-237-,1,"",Y,"",FEDERAL HOME LOAN MTG CORP,"","","","",,"",1100,"",CORPORATE CENTER,DR,"","",RALEIGH,NC,27607,"19,980,604","19,980,605",1,S
36071,33320000,333200-008-,1,"","",GLASS,KENNETH,"","",A,"",,"",405,"",WOODLAND,BLVD,"","",WILKESBORO,NC,28697,"19,980,129","19,980,210",1,S
36091,"","",0,Y,Y,"",PCG REO HOLDINGS LLC,"","","","",,"",5032,"",PARKWAY PLAZA,BLVD,"","",CHARLOTTE,NC,28217,"20,130,214","20,130,228",1,S
36111,42000950,4200-095.00,1,"",Y,"",FIRST UNION NATL BK,"","","","",,"",1100,"",CORPORATE CENTER,DR,"","",RALEIGH,NC,27607,"19,980,106","19,980,121",1,S
37001,142920,142920,1,"","",STEELE,JAMES WALLACE,"","","","",,"",2269,S,NC HIGHWAY 87,"","","",GRAHAM,NC,27253,0,0,1,S
37001,122050,122050,1,"","",ANDREWS,MARGARET J,"","","","",,"",1510,"",OVERBROOK,RD,"","",BURLINGTON,NC,27215,0,0,1,S
37001,135073,135073,1,"","",SAUNDERS,MILDRED W,"","","","",,"",417,"",BANKS,ST,"","",GRAHAM,NC,27253,0,0,1,S
37001,150173,150173,1,"","",LINEBERRY,ERNEST B,LINEBERRY,DIXIE,"","",,"",1540,"",STONEWALL SPRINGS,RD,"","",BURLINGTON,NC,27217,0,0,1,S
37001,147368,147368,1,"","",TROLLINGER,ELIZABETH T,"","","","",,"",811,"",TROLLINGER,RD,"","",GRAHAM,NC,27253,0,0,1,S
37001,139563,139563,1,"","",VESTAL,JAMES M,VESTAL,MABLE,"","",,"",1453,"",MORNINGSIDE,DR,"","",BURLINGTON,NC,27217,0,0,1,S
37001,158551,158551,1,"","",DAVIS,SABERT T,"","","","",,"",3377,"",PHILLIPS CHAPEL,RD,"","",HAW RIVER,NC,27258,0,0,1,S
37001,118718,118718,1,"","",GERRINGER,JUNE,"","","","",,"",3416,"",ALTAMAHAW CHURCH,ST,"","",ELON,NC,27244,0,0,1,S
37001,119033,119033,1,"","",SIMPSON,LOUISE T,"","","","",,"",3835,"",ALTAMAHAW RACE TRACK,RD,"","",ELON,NC,27244,0,0,1,S
37001,122702,122702,1,"","",CRENSHAW,IRA B,"","","","",,"",2013,"",NOTTINGHAM,LN,"","",BURLINGTON,NC,27215,0,0,1,S
37001,137520,137520,1,"","",THOMPSON,EARLE J,"","","","",,"",917,"",BELLVUE,ST,"","",BURLINGTON,NC,27217,0,0,1,S
37001,147615,147615,1,"","",PARKS,GENEVA W,"","","","",,"",941,"",WHITTEMORE,RD,"","",GRAHAM,NC,27253,0,0,1,S
37001,147612,147612,1,"","",WHITTEMORE,JAMES W,"","",A,"",,"",915,"",WHITTEMORE,RD,"","",GRAHAM,NC,27253,0,0,1,S
37001,137123,137123,1,"","",BURLESON,AARON,"","",A,"",,"",133,"",FRIENDLY,RD,"","",BURLINGTON,NC,27217,0,0,1,S
37001,144772,144772,1,"","",HENDERSON,FRANK R,HENDERSON,RUBY,"","",,"",1875,"",SWEPSONVILLE,RD,"","",GRAHAM,NC,27253,0,0,1,S
37001,138358,138358,1,"","",EZZELL,MILDRED,"","","","",,"",331,"",COURTLAND,TER,"","",BURLINGTON,NC,27217,0,0,1,S
37001,168581,168581,1,"","",WATKINS,GOTHA C,WATKINS,LUCILLE,"","",,"",435,E,WEBB,ST,"","",MEBANE,NC,27302,0,0,1,S
37001,157166,157166,1,"","",GLOSSON,JOHN WORTH,GLOSSON,ARLENE B,"","",,"",9124,S,NC HIGHWAY 87,"","","",GRAHAM,NC,27253,0,0,1,S
37001,146719,146719,1,"","",BOSWELL,CURRY D,"","","","",,"",506,"",MCGEE,ST,"","",GRAHAM,NC,27253,0,0,1,S
37001,144297,144297,1,"","",TURNER,EVELYN,"","","","",,"",1719,S,MAIN,ST,"","",GRAHAM,NC,27253,0,0,1,S
37001,129540,129540,1,"","",LAYELL,HENRY CLAY,LAYELL,ZELMA M,"","",,"",5054,"",BASS MOUNTAIN,RD,"","",SNOW CAMP,NC,27349,0,0,1,S
37001,117436,117436,1,"","",COOPER,LONNIE C,"","","","",,"",726,"",LOOP,RD,"","",BURLINGTON,NC,27217,0,0,1,S
37001,136468,136468,1,"","",RORER,LULA B,"","","","",,"",115,"",TUCKER,ST,"","",BURLINGTON,NC,27215,0,0,1,S
37001,101164,101164,1,"","",HOWELL,CHARLES S,"","",A,"",,"",3926,"",GARNER,RD,"","",SNOW CAMP,NC,27349,0,0,1,S
