fips,apn_unformatted,pcl_id_iris_frmtd,apn_sequence_number,pending_record_indicator,corporate_indicator,last_name_1,first_name_1,last_name_2,first_name_2,owner_etal_indicator,owner_relationship_type,house_number_prefix,house_number_suffix,house_number,street_direction,street_name,mode,quadrant,unit_number,city,state,zip,sale_date,recording_date,transaction_type,absentee_owner_status,year_sale
51067,12600011,1260001100,1,"","",RYBERG,MARIE,"","","","",,"",4344,"",ROCKWOOD,RD,"","",CHARLOTTE,NC,28214,20151028,20151118,1,S,2015
51069,49B01 12,49B01-122-1,1,"","",ARMSTRONG,ADAM,"","","","",,"",2534,"",GILLBURG,RD,"","",HENDERSON,NC,27537,20110804,20130607,1,S,2011
51191,172B40A0,172B4-A-29,1,"","",LANKFORD,GERALD,LANKFORD,JANNA S,"",HW,,"",117,"",KINGSPORT,RD,"","",HOLLY SPRINGS,NC,27540,20160226,20160226,1,S,2016
53065,5112700,5112700,1,"","",EVERS,DYLAN,"","","",SI,,"",111,"",WINTERFIELD,DR,"","",RAEFORD,NC,28376,20130605,20130619,1,S,2013
13295,4007 030,4007-030A,1,"","",LOWERY,GRAYSON,LOWERY,MARGARET W,"","",,"",205,"",WAKEFIELD,DR,"",00000A,CHARLOTTE,NC,28209,20141117,20141215,1,S,2014
13089,18 056 0,18-056-05-0,1,"","",ROSADO,AARON,ROSADO,RAFAEL E,"",UM,,"",1936,"",TARA,CT,"",000204,GREENVILLE,NC,27858,20150521,20150601,1,S,2015
13135,R5050 15,R5050-153,1,"","",LEE,MARY,"","","","",,"",2000,"",GRENVILLE,CT,"","",NEW BERN,NC,28562,20121220,20121228,1,S,2012
17161,06420080,06-4200800-,1,"","",DAVIS,PAUL,"","","","",,"",125,"",18TH AVENUE,CT,"","",JEFFERSON,NC,28640,20141205,20141222,1,S,2014
17179,"",02-02-23-30,0,Y,"",MADDEN,LARRY,MADDEN,MARY J,"",HW,,"",0,"","","","","","",NC,,20060919,20060921,1,S,2006
17031,30293110,30-29-311-0,1,"","",BRUNK,WENDY,"","","",MW,,"",1818,"",PARK GROVE,PL,NW,"",CONCORD,NC,28027,20160113,20160119,1,S,2016
21043,120E0000,120E-00-00-,1,"","",LIGHT,JAMES,LIGHT,LEA,"",HW,,"",1322,"",SOFIA,CT,"","",JACKSONVILLE,NC,28540,20150626,20150714,1,S,2015
21055,09500000,095-00-00-0,1,"","",STEVENSON,ROBERT,STEVENSON,SUSAN T,"",HW,,"",7511,"",GREEDY,HWY,"","",HICKORY,NC,28602,20121220,20130102,1,S,2012
21117,05511090,055-11-09-0,1,"","",PARKS,DANIEL,PARKS,CHYRL C,"",HW,,"",737,"",FREEMONT,LN,"","",STANLEY,NC,28164,20151203,20151230,1,S,2015
23005,"","",0,Y,"",WRIGHT,JOHN,"","","","",,"",1065,"",KITE,CT,"","",MATTHEWS,NC,28104,20150528,20150529,1,S,2015
24037,03072606,03-072606,1,"","",GEHRIG,JEROME,GEHRIG,GLORIA A,"",HW,,"",111,"",COUNTRY CLUB,DR,"","",HERTFORD,NC,27944,20150514,20150518,1,S,2015
26077,15024000,15-02-400-0,1,"","",HALL,MATTHEW,HALL,CAROLANN E,"",HW,,"",124,"",ROCK HARBOR,LN,"","",SPRING LAKE,NC,28390,20151210,20151223,1,S,2015
26081,41183537,41-18-35-37,1,"","",CORNETT,JAMES,CORNETT,KAY L,"",HW,,"",143,"",BELT,RD,"","",HAMPSTEAD,NC,28443,20130329,20130408,1,S,2013
26121,01112100,01-112-100-,1,"","",FARINELLA,MORRIS,STARR,CAROLE L,"",SM,,"",3228,"",SMOKEY,LN,"","",LENOIR,NC,28645,20151020,20151026,1,S,2015
28113,"","",0,Y,"",OSTRUM,TIMOTHY,OSTRUM,CAROLYN A,"",HW,,"",230,"",SUNSHINE LAKE,RD,"","",ELLENBORO,NC,28040,20130501,20130501,1,S,2013
29209,13903100,13-9.0-31-0,1,"","",BAALMAN,JACOB,BAALMAN,AMBER D,"",HW,,"",2113,"",DAHLONEGA,DR,"","",WINTERVILLE,NC,28590,20160613,20160616,1,S,2016
34015,1800199,18-00199-11,1,"","",TALLEY,JAMES,TALLEY,AMANDA C,"",HW,,"",106,"",MEADOWVIEW,DR,"","",MOORESVILLE,NC,28115,20121108,20121121,1,S,2012
36017,08568901,085689-018-,1,"","",STEIN,WILLIAM,"","","","",,"",819,"",JARMAN,DR,"","",JAMESTOWN,NC,27282,20140218,20140416,1,S,2014
36033,16220012,162200-124-,1,"","",DONALDSON,JEREMY,DONALDSON,AMBER A,"",HW,,"",521,"",BLACKBERRY,CT,"","",HUBERT,NC,28539,20140502,20140512,1,S,2014
32003,16309315,163-09-315-,1,"","",LEE,STANLEY,JOE,LISA Y,"",HW,,"",5717,"",MALLARD GROVE,RD,"","",CHARLOTTE,NC,28269,20150914,20150915,1,S,2015
37001,168179,168179,1,"","",COLE,LYMAN,"","","","",,"",205,"",BELLE,CT,"","",MEBANE,NC,27302,20050204,20050210,1,S,2005
37001,121406,121406,1,"","",STAFFORD,JENNIFER,"","","",UN,,"",207,"",TRAIL 1,"","","",BURLINGTON,NC,27215,20050209,20050211,1,S,2005
37001,147870,147870,1,"","",HERNANDEZ,HECTOR,HERNANDEZ,VELVET E,"",HW,,"",826,N,GRAHAM HOPEDALE,RD,"","",BURLINGTON,NC,27217,20060710,20060711,1,S,2006
37001,119651,119651,1,"","",LEE,JASEN,LEE,BRENDA S,"",HW,,"",5332,S,NC HIGHWAY 49,"","","",BURLINGTON,NC,27215,20050209,20050210,1,S,2005
37001,160540,160540,1,"","",MURPHY,STEVEN,MURPHY,EMILY S,"",HW,,"",2114,S,THIRD STREET,EXT,"","",MEBANE,NC,27302,20071017,20071026,1,S,2007
37001,135776,135776,1,"","",PENALOZA,JOSE,"","","","",,"",413,"",HATCH,ST,"","",BURLINGTON,NC,27217,20070529,20070606,1,S,2007
37001,138446,138446,1,"","",CURRY,JAMES,CURRY,PAULINE,"","",,"",515,"",LINCOLN,ST,"","",BURLINGTON,NC,27217,20070530,20070606,1,S,2007
37001,162253,162253,1,"","",GATES,JIMMIE,GATES,GLORIA B,"",HW,,"",4411,"",NC HIGHWAY 54,"","","",GRAHAM,NC,27253,20051122,20051122,1,S,2005
37001,164623,164623,1,"","",WILSON,CHARLES,WILSON,JULIE T,"",HW,,"",3205,"",JIM LOWE,DR,"","",MEBANE,NC,27302,20060228,20060228,1,S,2006
37001,164623,164623,1,"","",WILSON,CHARLES,WILSON,JULIE T,"",HW,,"",3205,"",JIM LOWE,DR,"","",MEBANE,NC,27302,20060228,20060228,1,S,2006
37001,147182,147182,1,"","",MALDINERA,JESUS,"","","",UN,,"",703,"",MYRTLE,DR,"","",GRAHAM,NC,27253,20060227,20060228,1,S,2006
37001,147182,147182,1,"","",MALDINERA,JESUS,"","","",UN,,"",703,"",MYRTLE,DR,"","",GRAHAM,NC,27253,20060227,20060228,1,S,2006
37001,111564,111564,1,"","",BRYANT,WILLIAM,BRYANT,MARLENE H,"",HW,,"",3174,"",HERITAGE,LN,"","",BURLINGTON,NC,27215,20050211,20050211,1,S,2005
37001,115323,115323,1,"","",ISLEY,THOMAS,ISLEY,RENA M,"",HW,,"",449,"",FIELDSTONE,DR,"","",BURLINGTON,NC,27215,20060222,20060228,1,S,2006
37001,115323,115323,1,"","",ISLEY,THOMAS,ISLEY,RENA M,"",HW,,"",449,"",FIELDSTONE,DR,"","",BURLINGTON,NC,27215,20060222,20060228,1,S,2006
37001,107864,107864,1,"","",TROXLER,KENNETH,TROXLER,ALICE K,"",HW,,"",709,"",BURLINGTON,AVE,"","",GIBSONVILLE,NC,27249,20060215,20060228,1,S,2006
37001,153530,153530,1,"","",KANZIG,RANDY,"","","","",,"",814,"",HAW RIVER HOPEDALE,RD,"","",BURLINGTON,NC,27217,20070925,20070928,1,S,2007
37001,115842,115842,1,"","",MUNIZ,MIGUEL,MUNIZ,HOLLY,"",HW,,"",2516,"",PARRISH,ST,"","",BURLINGTON,NC,27215,20071011,20071026,1,S,2007
37001,140936,140936,1,"","",MORSE,BRUCE,ONEAL,CHARLOTTE F,"",UM,,"",409,E,OLD GLENCOE,RD,"","",BURLINGTON,NC,27217,20071018,20071026,1,S,2007
37001,157904,157904,1,"","",SANFORD,THEODORE,BRAHNA,KAORI,"","",,"",1661,"",PAYNE,RD,"","",GRAHAM,NC,27253,20071026,20071026,1,S,2007
37001,143940,143940,1,"","",RICHARDSON,EILEEN,"","","","",,"",1301,"",ROGERS,RD,"","",GRAHAM,NC,27253,20071022,20071026,1,S,2007
37001,164648,164648,1,"","",REES,DONALD,REES,SHAWN D,"",HW,,"",3911,"",LONG MEADOW,DR,"","",MEBANE,NC,27302,20050207,20050211,1,S,2005
37001,120511,120511,1,"","",BOYD,LESTER,BOYD,ELIZABETH J,"",HW,,"",2505,"",COLUMBINE,LN,"","",BURLINGTON,NC,27215,20060217,20060228,1,S,2006
37001,123588,123588,1,"","",KIMREY,JONATHAN,"","","","",,"",1804,W,FRONT,ST,"","",BURLINGTON,NC,27215,20060227,20060228,1,S,2006
37001,108926,108926,1,"","",KING,DAVID,KING,JOYCE E,"",HW,,"",615,"",HUNTINGDON,ST,"","",ELON,NC,27244,20060216,20060228,1,S,2006
37001,147635,147635,1,"","",KING,GARY,KING,DANIELLE,"",HW,,"",1037,"",SYCAMORE,RD,"","",GRAHAM,NC,27253,20070912,20070928,1,S,2007
37001,100475,100475,1,"","",ANDERSON,CRYSTAL,"","","","",,"",9156,"",HINSHAW SHOP,RD,"","",LIBERTY,NC,27298,20071004,20071025,1,S,2007
37001,142630,142630,1,"","",BROWN,MARK,BROWN,KAREN L,"",HW,,"",2968,"",SHELLY GRAHAM,DR,"","",GRAHAM,NC,27253,20051122,20051122,1,S,2005
37001,168794,168794,1,"","",ISLEY,JOEL,ISLEY,ERIKA,"",HW,,"",209,"",KIT,LN,"","",MEBANE,NC,27302,20040207,20050211,1,S,2004
37001,125868,125868,1,"","",PEREZ-HERNANDEZ,RIGOBERTO,WOOD,REBECCA M,"","",,"",915,"",ADA,ST,"","",BURLINGTON,NC,27217,20060420,20060630,1,S,2006
37001,151260,151260,1,"","",WEINTRAUB,EDWARD,MANN,WILLIAM R,"","",,"",2444,"",BOY WOOD,RD,"","",GRAHAM,NC,27253,20070925,20071002,1,S,2007
37001,125668,125668,1,"","",COBLE,WILLIAM,COBLE,KIMBERLY L,"","",,"",816,"",PLAID,ST,"","",BURLINGTON,NC,27215,20080226,20080229,1,S,2008
37001,122781,122781,1,"","",BRADY,WILLIAM,BRADY,ERICA N,"",HW,,"",1215,"",RIDGECREST,AVE,"","",BURLINGTON,NC,27215,20080527,20080530,1,S,2008
37001,152185,152185,1,"","",SAMPLE,MARK,ABNEY,CATHERINE D,"","",,"",2354,"",GLOUCESTER,CT,"","",GRAHAM,NC,27253,20090129,20090130,1,S,2009
37001,152614,152614,1,"","",MULLINS,NICOLE,"","","",UN,,"",1113,"",NOAH,RD,"","",GRAHAM,NC,27253,20050211,20050211,1,S,2005
37001,143892,143892,1,"","",CHURCH,SETH,CHURCH,ROGER D,"",HW,,"",1614,"",BROADWAY,DR,"","",GRAHAM,NC,27253,20050620,20050620,1,S,2005
37001,131103,131103,1,"","",OAKES,AARON,OAKES,MONICA E,"",HW,,"",1420,"",BRICKYARD,WAY,"","",GRAHAM,NC,27253,20070920,20070924,1,S,2007
37001,127871,127871,1,"","",CARPENTER,CHRYSTAL,"","","",UW,,"",869,W,OLD GLENCOE,RD,"","",BURLINGTON,NC,27217,20160527,20160527,1,S,2016
37001,125412,125412,1,"","",MICELI,LORETTA,"","","","",,"",418,W,WILLOWBROOK,DR,"","",BURLINGTON,NC,27215,20070927,20070928,1,S,2007
37001,164648,164648,1,"","",REES,DONALD,REES,SHAWN D,"",HW,,"",3911,"",LONG MEADOW,DR,"","",MEBANE,NC,27302,20050207,20050211,1,S,2005
37001,148065,148065,1,"","",BAKER,WILLIAM,BAKER,VICKIE L,"",HW,,"",229,"",WATSON,DR,"","",BURLINGTON,NC,27217,20050617,20050620,1,S,2005
37001,108998,108998,1,"","",RAY,MELISSA,"","","","",,"",817,"",WESTWOOD,DR,"","",ELON,NC,27244,20050912,20050912,1,S,2005
37001,138741,138741,1,"","",TETTEH,EDWIN,"","","","",,"",201,"",PIEDMONT,WAY,"","",BURLINGTON,NC,27217,20050823,20050909,1,S,2005
37001,164561,164561,1,"","",BARKER,JOHN,"","","","",,"",920,S,FIFTH,ST,"","",MEBANE,NC,27302,20050909,20050909,1,S,2005
37001,125025,125025,1,"","",CRYAN,MARK,CRYAN,DALE-ANNA C,"",HW,,"",1106,"",AYCOCK,AVE,"","",BURLINGTON,NC,27215,20160601,20160606,1,S,2016
37001,166010,166010,1,"","",CHAMPION,ANDREW,ELTZ,KURT,"","",,"",507,S,THIRD,ST,"","",MEBANE,NC,27302,20160524,20160606,1,S,2016
37001,106592,106592,1,"","",ALDERMAN,JOHN,ALDERMAN,ANN,"",HW,,"",4119,"",SHEPHERD,DR,"","",BURLINGTON,NC,27215,20160523,20160531,1,S,2016
37001,113581,113581,1,"","",MARTIN,JOEL,MARTIN,DANA C,"",HW,,"",3323,"",DORAL,CT,"","",BURLINGTON,NC,27215,20080220,20080228,1,S,2008
37001,159741,159741,1,"","",SHORTT,HERBERT,SHORTT,NAOMI,"","",,"",2560,"",FARRELL,RD,"","",MEBANE,NC,27302,20060217,20060228,1,S,2006
37001,124923,124923,1,"","",SEGPOSYAN,KIRKOR,SEGPOSYAN,AMY B,"",HW,,"",443,"",PARKVIEW,DR,"","",BURLINGTON,NC,27215,20060630,20060630,1,S,2006
37001,100972,100972,1,"","",HEAFNER,NATHAN,HEAFNER,JULIE L,"",HW,,"",9448,"",NC HIGHWAY 49,"",S,"",LIBERTY,NC,27298,20070928,20070928,1,S,2007
37001,137748,137748,1,"","",CRUZ,GLENDA,"","","",UW,,"",224,"",ROLLING,RD,"","",BURLINGTON,NC,27217,20070606,20070606,1,S,2007
37001,125017,125017,1,"","",MASSEY,DOUGLAS,MASSEY,DAWN T,"",HW,,"",609,"",GLENWOOD,AVE,"","",BURLINGTON,NC,27215,20070605,20070606,1,S,2007
37001,125017,125017,1,"","",MASSEY,DOUGLAS,MASSEY,DAWN T,"",HW,,"",609,"",GLENWOOD,AVE,"","",BURLINGTON,NC,27215,20070605,20070606,1,S,2007
37001,113182,113182,1,"","",MYERS,WILLIAM,MYERS,SANDRA M,"",HW,,"",3019,"",FORESTDALE,DR,"","",BURLINGTON,NC,27215,20130715,20130717,1,S,2013
37001,117654,117654,1,"","",CURREY,RAYMOND,CURREY,LYNN A,"",HW,,"",1751,"",WELLINGTON,RD,"","",BURLINGTON,NC,27217,20100806,20100826,1,S,2010
37001,142786,142786,1,"","",PORTER,MARSHALL,PORTER,MELLANNE,"",HW,,"",3132,"",WILL,CT,"","",GRAHAM,NC,27253,20050620,20050620,1,S,2005
37001,142786,142786,1,"","",PORTER,MARSHALL,PORTER,MELLANNE,"",HW,,"",3132,"",WILL,CT,"","",GRAHAM,NC,27253,20050620,20050620,1,S,2005
37001,115880,115880,1,"","",GINGERICH,STANWYN,GINGERICH,SUZANNE H,"","",,"",2475,"",EDGEWOOD,AVE,"","",BURLINGTON,NC,27215,20050615,20050620,1,S,2005
37001,152195,152195,1,"","",WORKMAN,STEPHEN,"","","",UM,,"",1352,"",GEORGE BASON,RD,"","",GRAHAM,NC,27253,20080530,20080530,1,S,2008
37001,130456,130456,1,"","",TAYLOR,VERNON,TAYLOR,PAULETTE M,"",HW,,"",2309,"",ROGERS,RD,"","",GRAHAM,NC,27253,20081229,20090129,1,S,2008
37001,105376,105376,1,"","",LYNCH,LARRY,LYNCH,LINDA P,"",HW,,"",3427,"",BEAVER CREEK,RD,"","",BURLINGTON,NC,27215,20090130,20090130,1,S,2009
37001,148028,148028,1,"","",STEPHENSON,CARLA,"","","","",,"",310,"",WATSON,DR,"","",BURLINGTON,NC,27217,20100602,20100618,1,S,2010
37001,109562,109562,1,"","",MOERSDORF,PAUL,MOERSDORF,FRANCES W,"","",,"",6,"",WILLOW OAK,ST,"","",ELON,NC,27244,20090528,20090617,1,S,2009
37001,152377,152377,1,"","",WILLIS,JEFFREY,WILLIS,ANGELA H,"","",,"",1408,N,JIM MINOR,RD,"","",HAW RIVER,NC,27258,20090930,20091116,1,S,2009
37001,167861,167861,1,"","",GLASGOW,STEPHANIE,"","","","",,"",412,"",CEDAR,LN,"","",MEBANE,NC,27302,20091116,20091116,1,S,2009
37001,105331,105331,1,"","",FLYNT,MARK,FLYNT,ALEXA,"",HW,,"",3112,"",RACCOON RUN,DR,"","",BURLINGTON,NC,27215,20091123,20091124,1,S,2009
37001,167230,167230,1,"","",PLATT,BRIAN,PLATT,NICOLE A,"",HW,,"",5042,"",ADDER RIDGE,LN,"","",BURLINGTON,NC,27217,20091123,20091124,1,S,2009
37001,122275,122275,1,"","",CLAYTON,THALIA,"","","","",,"",422,"",CHAPEL HILL,RD,"","",BURLINGTON,NC,27215,20100616,20100616,1,S,2010
37001,107443,107443,1,"","",PADGETT,GARY,PADGETT,GLORIA,"",HW,,"",508,"",MEADOW,ST,"","",GIBSONVILLE,NC,27249,20050830,20050909,1,S,2005
37001,117874,117874,1,"","",MILLER,RYAN,MCGRATH,JENNIFER L,"",HW,,"",360,"",ROLLINGWOOD,DR,W,"",BURLINGTON,NC,27217,20091102,20091116,1,S,2009
37001,166071,166071,1,"","",HAMILTON,ROBERT,HAMILTON,KAREN R,"",HW,,"",210,S,THIRD,ST,"","",MEBANE,NC,27302,20100615,20100616,1,S,2010
37001,108402,108402,1,"","",LEMBO,PETER,LEMBO,JENIFER K,"",HW,,"",60,"",BENT TREE,CT,"","",GIBSONVILLE,NC,27249,20060228,20060228,1,S,2006
37001,165516,165516,1,"","",QUETSCHENBACH,JAMES,QUETSCHENBACH,MARGARET C,"",HW,,"",900,"",JOHNSTON,CT,"","",MEBANE,NC,27302,20060629,20060630,1,S,2006
37001,165516,165516,1,"","",QUETSCHENBACH,JAMES,QUETSCHENBACH,MARGARET C,"",HW,,"",900,"",JOHNSTON,CT,"","",MEBANE,NC,27302,20060629,20060630,1,S,2006
37001,149595,149595,1,"","",EVANS,GATTIS,"","","","",,"",809,W,MAIN,ST,"","",HAW RIVER,NC,27258,20060629,20060630,1,S,2006
